settlement_id,gateway_ref,amount,settlement_date,status,bank_reference
STL-0000001,GW-0000001,841.70,2026-06-05,settled,BANK-ACH-000001
STL-0000002,GW-0000002,4425.27,2026-06-21,settled,BANK-ACH-000002
STL-0000003,GW-0000003,3152.69,2026-08-04,settled,BANK-ACH-000003
STL-0000004,GW-0000004,316.19,2026-08-13,settled,BANK-ACH-000004
STL-0000005,GW-0000005,685.64,2026-08-12,settled,BANK-ACH-000005
STL-0000006,GW-0000007,2379.58,2026-07-17,settled,BANK-ACH-000006
STL-0000007,GW-0000008,3097.62,2026-06-01,settled,BANK-ACH-000007
STL-0000008,GW-0000009,4519.46,2026-06-24,settled,BANK-ACH-000008
STL-0000009,GW-0000010,3804.95,2026-07-05,settled,BANK-ACH-000009
STL-0000010,GW-0000010,3804.95,2026-07-06,settled,BANK-ACH-000010
STL-0000011,GW-0000011,2233.27,2026-08-02,settled,BANK-ACH-000011
STL-0000012,GW-0000012,3830.43,2026-06-17,settled,BANK-ACH-000012
STL-0000013,GW-0000013,974.50,2026-07-31,ERROR,UNAVAILABLE
STL-0000014,GW-0000014,525.82,2026-08-11,settled,BANK-ACH-000014
STL-0000015,GW-0000015,2143.28,2026-08-05,settled,BANK-ACH-000015
STL-0000016,GW-0000016,23.80,2026-07-09,settled,BANK-ACH-000016
STL-0000017,GW-0000017,824.58,2026-07-09,settled,BANK-ACH-000017
STL-0000018,GW-0000018,275.39,2026-08-05,settled,BANK-ACH-000018
STL-0000019,GW-0000019,3132.19,2026-07-01,settled,BANK-ACH-000019
STL-0000020,GW-0000020,2210.44,2026-07-08,settled,BANK-ACH-000020
STL-0000021,GW-0000021,698.67,2026-08-01,settled,BANK-ACH-000021
STL-0000022,GW-0000021,698.67,2026-08-03,settled,BANK-ACH-000022
STL-0000023,GW-0000022,0.00,2026-06-11,ERROR,UNAVAILABLE
STL-0000024,GW-0000023,4630.76,2026-07-05,settled,BANK-ACH-000024
STL-0000025,GW-0000024,3219.45,2026-08-13,settled,BANK-ACH-000025
STL-0000026,GW-0000025,617.67,2026-08-12,settled,BANK-ACH-000026
STL-0000027,GW-0000026,3616.96,2026-08-19,settled,BANK-ACH-000027
STL-0000028,GW-0000027,243.64,2026-07-17,settled,BANK-ACH-000028
STL-0000029,GW-0000028,4642.52,2026-08-12,settled,BANK-ACH-000029
STL-0000030,GW-0000029,680.68,2026-07-24,settled,BANK-ACH-000030
STL-0000031,GW-0000030,3588.49,2026-06-16,settled,BANK-ACH-000031
STL-0000032,GW-0000031,4866.16,2026-06-25,settled,BANK-ACH-000032
STL-0000033,GW-0000033,4514.00,2026-07-01,settled,BANK-ACH-000033
STL-0000034,GW-0000034,136.56,2026-07-26,settled,BANK-ACH-000034
STL-0000035,GW-0000034,136.56,2026-07-28,settled,BANK-ACH-000035
STL-0000036,GW-0000035,4435.71,2026-06-05,settled,BANK-ACH-000036
STL-0000037,GW-0000036,580.84,2026-07-17,settled,BANK-ACH-000037
STL-0000038,GW-0000037,1347.97,2026-07-29,settled,BANK-ACH-000038
STL-0000039,GW-0000038,3279.62,2026-06-20,settled,BANK-ACH-000039
STL-0000040,GW-0000039,3667.88,2026-08-13,settled,BANK-ACH-000040
STL-0000041,GW-0000040,2141.50,2026-07-13,settled,BANK-ACH-000041
STL-0000042,GW-0000041,2328.73,2026-07-01,settled,BANK-ACH-000042
STL-0000043,GW-0000043,785.05,2026-06-23,settled,BANK-ACH-000043
STL-0000044,GW-0000044,2185.36,2026-07-20,settled,BANK-ACH-000044
STL-0000045,GW-0000045,3661.08,2026-06-10,settled,BANK-ACH-000045
STL-0000046,GW-0000046,4993.44,2026-08-08,settled,BANK-ACH-000046
STL-0000047,GW-0000047,2372.16,2026-07-05,settled,BANK-ACH-000047
STL-0000048,GW-0000048,2318.69,2026-07-08,settled,BANK-ACH-000048
STL-0000049,GW-0000048,2318.69,2026-07-08,settled,BANK-ACH-000049
STL-0000050,GW-0000049,803.28,2026-07-23,settled,BANK-ACH-000050
STL-0000051,GW-0000051,4504.24,2026-08-05,settled,BANK-ACH-000051
STL-0000052,GW-0000053,1774.78,2026-06-25,settled,BANK-ACH-000052
STL-0000053,GW-0000054,3115.72,2026-06-15,settled,BANK-ACH-000053
STL-0000054,GW-0000055,1728.77,2026-08-02,settled,BANK-ACH-000054
STL-0000055,GW-0000057,3421.12,2026-06-07,settled,BANK-ACH-000055
STL-0000056,GW-0000058,1263.16,2026-08-03,settled,BANK-ACH-000056
STL-0000057,GW-0000059,3046.47,2026-07-11,settled,BANK-ACH-000057
STL-0000058,GW-0000060,3667.79,2026-06-17,settled,BANK-ACH-000058
STL-0000059,GW-0000061,2665.19,2026-06-06,settled,BANK-ACH-000059
STL-0000060,GW-0000062,3720.83,2026-07-30,settled,BANK-ACH-000060
STL-0000061,GW-0000063,1702.30,2026-07-02,settled,BANK-ACH-000061
STL-0000062,GW-0000064,3212.39,2026-07-17,settled,BANK-ACH-000062
STL-0000063,GW-0000064,3212.39,2026-07-18,settled,BANK-ACH-000063
STL-0000064,GW-0000065,1796.85,2026-07-10,settled,BANK-ACH-000064
STL-0000065,GW-0000066,2923.22,2026-08-02,settled,BANK-ACH-000065
STL-0000066,GW-0000067,1617.90,2026-08-04,settled,BANK-ACH-000066
STL-0000067,GW-0000068,1432.88,2026-07-05,settled,BANK-ACH-000067
STL-0000068,GW-0000069,1016.72,2026-08-02,settled,BANK-ACH-000068
STL-0000069,GW-0000070,4377.87,2026-07-11,settled,BANK-ACH-000069
STL-0000070,GW-0000071,4962.24,2026-08-06,settled,BANK-ACH-000070
STL-0000071,GW-0000073,2113.86,2026-06-11,settled,BANK-ACH-000071
STL-0000072,GW-0000074,2939.40,2026-06-30,settled,BANK-ACH-000072
STL-0000073,GW-0000076,923.78,2026-06-24,settled,BANK-ACH-000073
STL-0000074,GW-0000077,1236.31,2026-08-17,settled,BANK-ACH-000074
STL-0000075,GW-0000078,4346.42,2026-06-15,settled,BANK-ACH-000075
STL-0000076,GW-0000079,2843.55,2026-07-30,settled,BANK-ACH-000076
STL-0000077,GW-0000080,148.10,2026-07-02,settled,BANK-ACH-000077
STL-0000078,GW-0000081,1470.84,2026-08-17,settled,BANK-ACH-000078
STL-0000079,GW-0000082,1695.76,2026-06-22,settled,BANK-ACH-000079
STL-0000080,GW-0000083,2397.09,2026-07-12,settled,BANK-ACH-000080
STL-0000081,GW-0000084,3460.53,2026-07-27,settled,BANK-ACH-000081
STL-0000082,GW-0000085,3997.03,2026-07-01,settled,BANK-ACH-000082
STL-0000083,GW-0000086,649.12,2026-07-02,settled,BANK-ACH-000083
STL-0000084,GW-0000087,1190.57,2026-08-02,settled,BANK-ACH-000084
STL-0000085,GW-0000088,2190.86,2026-08-01,ERROR,UNAVAILABLE
STL-0000086,GW-0000089,4845.74,2026-06-12,settled,BANK-ACH-000086
STL-0000087,GW-0000090,4314.54,2026-07-21,settled,BANK-ACH-000087
STL-0000088,GW-0000091,2353.69,2026-07-19,settled,BANK-ACH-000088
STL-0000089,GW-0000092,4571.71,2026-07-05,settled,BANK-ACH-000089
STL-0000090,GW-0000093,3709.92,2026-07-21,settled,BANK-ACH-000090
STL-0000091,GW-0000094,4595.77,2026-06-16,settled,BANK-ACH-000091
STL-0000092,GW-0000095,1787.53,2026-06-14,settled,BANK-ACH-000092
STL-0000093,GW-0000096,3298.73,2026-08-11,settled,BANK-ACH-000093
STL-0000094,GW-0000097,3927.70,2026-07-30,settled,BANK-ACH-000094
STL-0000095,GW-0000098,884.73,2026-06-07,settled,BANK-ACH-000095
STL-0000096,GW-0000099,2270.53,2026-07-04,settled,BANK-ACH-000096
STL-0000097,GW-0000100,426.52,2026-07-04,settled,BANK-ACH-000097
STL-0000098,GW-0000101,2421.97,2026-06-02,settled,BANK-ACH-000098
STL-0000099,GW-0000102,2328.43,2026-08-18,settled,BANK-ACH-000099
STL-0000100,GW-0000103,1056.97,2026-08-05,settled,BANK-ACH-000100
STL-0000101,GW-0000105,4786.75,2026-07-10,settled,BANK-ACH-000101
STL-0000102,GW-0000105,4786.75,2026-07-12,settled,BANK-ACH-000102
STL-0000103,GW-0000106,3973.90,2026-06-15,settled,BANK-ACH-000103
STL-0000104,GW-0000107,485.05,2026-07-15,settled,BANK-ACH-000104
STL-0000105,GW-0000108,2795.69,2026-06-23,settled,BANK-ACH-000105
STL-0000106,GW-0000108,2795.69,2026-06-24,settled,BANK-ACH-000106
STL-0000107,GW-0000109,407.28,2026-07-03,settled,BANK-ACH-000107
STL-0000108,GW-0000110,85.47,2026-08-12,settled,BANK-ACH-000108
STL-0000109,GW-0000111,4324.33,2026-06-17,settled,BANK-ACH-000109
STL-0000110,GW-0000112,4811.07,2026-06-10,settled,BANK-ACH-000110
STL-0000111,GW-0000113,745.33,2026-06-07,settled,BANK-ACH-000111
STL-0000112,GW-0000113,745.33,2026-06-08,settled,BANK-ACH-000112
STL-0000113,GW-0000114,2391.39,2026-08-13,settled,BANK-ACH-000113
STL-0000114,GW-0000115,4935.84,2026-06-06,settled,BANK-ACH-000114
STL-0000115,GW-0000117,3365.28,2026-06-08,settled,BANK-ACH-000115
STL-0000116,GW-0000118,3086.83,2026-07-02,settled,BANK-ACH-000116
STL-0000117,GW-0000119,4513.02,2026-06-17,settled,BANK-ACH-000117
STL-0000118,GW-0000120,1890.72,2026-08-18,settled,BANK-ACH-000118
STL-0000119,GW-0000121,4091.54,2026-08-07,settled,BANK-ACH-000119
STL-0000120,GW-0000122,2413.96,2026-06-08,ERROR,UNAVAILABLE
STL-0000121,GW-0000123,2582.92,2026-06-25,settled,BANK-ACH-000121
STL-0000122,GW-0000124,3285.72,2026-07-19,settled,BANK-ACH-000122
STL-0000123,GW-0000125,4483.58,2026-07-30,settled,BANK-ACH-000123
STL-0000124,GW-0000126,2193.48,2026-07-15,settled,BANK-ACH-000124
STL-0000125,GW-0000127,364.47,2026-06-13,settled,BANK-ACH-000125
STL-0000126,GW-0000128,2929.48,2026-08-16,settled,BANK-ACH-000126
STL-0000127,GW-0000129,2672.80,2026-06-23,settled,BANK-ACH-000127
STL-0000128,GW-0000130,614.82,2026-08-15,settled,BANK-ACH-000128
STL-0000129,GW-0000131,3205.38,2026-06-07,settled,BANK-ACH-000129
STL-0000130,GW-0000132,44.51,2026-06-19,settled,BANK-ACH-000130
STL-0000131,GW-0000133,3924.27,2026-07-22,settled,BANK-ACH-000131
STL-0000132,GW-0000134,4085.35,2026-06-10,settled,BANK-ACH-000132
STL-0000133,GW-0000135,2335.68,2026-08-03,settled,BANK-ACH-000133
STL-0000134,GW-0000136,1822.19,2026-06-19,settled,BANK-ACH-000134
STL-0000135,GW-0000137,250.61,2026-07-23,settled,BANK-ACH-000135
STL-0000136,GW-0000138,1530.03,2026-06-20,settled,BANK-ACH-000136
STL-0000137,GW-0000139,2804.76,2026-08-07,settled,BANK-ACH-000137
STL-0000138,GW-0000140,110.75,2026-06-13,settled,BANK-ACH-000138
